Workbook

Sheet Guide
A1: Vision Artiste - MedeaWiz media map
A3: Two MedeaWiz Sprite players:
A4: WIZ1 - portrait display (1080 x 1920)
A5: WIZ2 - landscape display (1920 x 1080)
A7: For each quiz step (Questions sheet):
A8: - Pick where the QUESTION TEXT plays: Portrait or Landscape (dropdown).
A9: - The ARTWORK always plays on the other screen (complementary).
A10: - Export video with the matching aspect ratio on each SD card.
A12: SD file names: 000.mp4, 001.mp4, ... (3 digits + .mp4).
A13: Index = file number sent to the Sprite.
A15: Flow: intro (text + art) -> quiz steps -> profile on WIZ1.
A16: Tie-break order: Emotions, Conteur, Matiere, Realiste.
... A27: Firmware limits
A28: Files per language (question text) | B28: 32
A29: Languages | B29: 4
A30: Max files per SD card | B30: 200
A31: Question rows in workbook | B31: 24
A32: Quiz steps (initial) | B32: 13

Sheet Questions
A1: Quiz steps - screens and profiles
A2: Add a step: fill the next empty row (column Artwork). Rows 4-27 are ready (max 24 steps). Question plays on = dropdown (Portrait / Landscape). Artwork plays on is automatic.
A3: Step | B3: Artwork | C3: Question plays on | D3: Artwork plays on | G3: B1 | H3: B2 | I3: B3 | J3: B4 | K3: Text player | L3: Art player | M3: Text aspect | N3: Art aspect | O3: Text file (FR) | P3: Art file
A4: =IF(B4="","",ROW()-3) | B4: Caravaggio - Supper at Emmaus | C4: Landscape | D4: =IF(C4="Portrait","Landscape","Portrait") | E4: =IF(B4="","",A4) | F4: =E4+0 | G4: Emotions | H4: Realiste | I4: Matiere | J4: Conteur | K4: =IF(C4="Portrait","WIZ1","WIZ2") | L4: =IF(C4="Portrait","WIZ2","WIZ1") | M4: =IF(C4="Portrait","1080x1920","1920x1080") | N4: =IF(C4="Portrait","1920x1080","1080x1920") | O4: =IF(B4="","",TEXT(32+E4,"000")&".mp4") | P4: =IF(B4="","",TEXT(F4,"000")&".mp4") | R4: =IF(G4="","",IF(G4="Emotions","CAT_EMOTIONS",IF(G4="Realiste","CAT_REALISTE",IF(G4="Matiere","CAT_MATIERE",IF(G4="Conteur","CAT_CONTEUR","CAT_EMOTIONS"))))) | S4: =IF(H4="","",IF(H4="Emotions","CAT_EMOTIONS",IF(H4="Realiste","CAT_REALISTE",IF(H4="Matiere","CAT_MATIERE",IF(H4="Conteur","CAT_CONTEUR","CAT_EMOTIONS"))))) | T4: =IF(I4="","",IF(I4="Emotions","CAT_EMOTIONS",IF(I4="Realiste","CAT_REALISTE",IF(I4="Matiere","CAT_MATIERE",IF(I4="Conteur","CAT_CONTEUR","CAT_EMOTIONS"))))) | U4: =IF(J4="","",IF(J4="Emotions","CAT_EMOTIONS",IF(J4="Realiste","CAT_REALISTE",IF(J4="Matiere","CAT_MATIERE",IF(J4="Conteur","CAT_CONTEUR","CAT_EMOTIONS"))))) | V4: =IF(B4="",""," { "&E4&", { "&R4&", "&S4&", "&T4&", "&U4&" }, "&C4&" },")
A5: =IF(B5="","",ROW()-3) | B5: Monet - Rouen Cathedrals | C5: Portrait | D5: =IF(C5="Portrait","Landscape","Portrait") | E5: =IF(B5="","",A5) | F5: =E5+0 | G5: Conteur | H5: Realiste | I5: Matiere | J5: Emotions | K5: =IF(C5="Portrait","WIZ1","WIZ2") | L5: =IF(C5="Portrait","WIZ2","WIZ1") | M5: =IF(C5="Portrait","1080x1920","1920x1080") | N5: =IF(C5="Portrait","1920x1080","1080x1920") | O5: =IF(B5="","",TEXT(32+E5,"000")&".mp4") | P5: =IF(B5="","",TEXT(F5,"000")&".mp4") | R5: =IF(G5="","",IF(G5="Emotions","CAT_EMOTIONS",IF(G5="Realiste","CAT_REALISTE",IF(G5="Matiere","CAT_MATIERE",IF(G5="Conteur","CAT_CONTEUR","CAT_EMOTIONS"))))) | S5: =IF(H5="","",IF(H5="Emotions","CAT_EMOTIONS",IF(H5="Realiste","CAT_REALISTE",IF(H5="Matiere","CAT_MATIERE",IF(H5="Conteur","CAT_CONTEUR","CAT_EMOTIONS"))))) | T5: =IF(I5="","",IF(I5="Emotions","CAT_EMOTIONS",IF(I5="Realiste","CAT_REALISTE",IF(I5="Matiere","CAT_MATIERE",IF(I5="Conteur","CAT_CONTEUR","CAT_EMOTIONS"))))) | U5: =IF(J5="","",IF(J5="Emotions","CAT_EMOTIONS",IF(J5="Realiste","CAT_REALISTE",IF(J5="Matiere","CAT_MATIERE",IF(J5="Conteur","CAT_CONTEUR","CAT_EMOTIONS"))))) | V5: =IF(B5="",""," { "&E5&", { "&R5&", "&S5&", "&T5&", "&U5&" }, "&C5&" },")
A6: =IF(B6="","",ROW()-3) | B6: Magritte - Empire of Light | C6: Portrait | D6: =IF(C6="Portrait","Landscape","Portrait") | E6: =IF(B6="","",A6) | F6: =E6+0 | G6: Emotions | H6: Realiste | I6: Matiere | J6: Conteur | K6: =IF(C6="Portrait","WIZ1","WIZ2") | L6: =IF(C6="Portrait","WIZ2","WIZ1") | M6: =IF(C6="Portrait","1080x1920","1920x1080") | N6: =IF(C6="Portrait","1920x1080","1080x1920") | O6: =IF(B6="","",TEXT(32+E6,"000")&".mp4") | P6: =IF(B6="","",TEXT(F6,"000")&".mp4") | R6: =IF(G6="","",IF(G6="Emotions","CAT_EMOTIONS",IF(G6="Realiste","CAT_REALISTE",IF(G6="Matiere","CAT_MATIERE",IF(G6="Conteur","CAT_CONTEUR","CAT_EMOTIONS"))))) | S6: =IF(H6="","",IF(H6="Emotions","CAT_EMOTIONS",IF(H6="Realiste","CAT_REALISTE",IF(H6="Matiere","CAT_MATIERE",IF(H6="Conteur","CAT_CONTEUR","CAT_EMOTIONS"))))) | T6: =IF(I6="","",IF(I6="Emotions","CAT_EMOTIONS",IF(I6="Realiste","CAT_REALISTE",IF(I6="Matiere","CAT_MATIERE",IF(I6="Conteur","CAT_CONTEUR","CAT_EMOTIONS"))))) | U6: =IF(J6="","",IF(J6="Emotions","CAT_EMOTIONS",IF(J6="Realiste","CAT_REALISTE",IF(J6="Matiere","CAT_MATIERE",IF(J6="Conteur","CAT_CONTEUR","CAT_EMOTIONS"))))) | V6: =IF(B6="",""," { "&E6&", { "&R6&", "&S6&", "&T6&", "&U6&" }, "&C6&" },")
A7: =IF(B7="","",ROW()-3) | B7: Delaunay / Kirchner - night landscape | C7: Landscape | D7: =IF(C7="Portrait","Landscape","Portrait") | E7: =IF(B7="","",A7) | F7: =E7+0 | G7: Emotions | H7: Realiste | I7: Matiere | J7: Conteur | K7: =IF(C7="Portrait","WIZ1","WIZ2") | L7: =IF(C7="Portrait","WIZ2","WIZ1") | M7: =IF(C7="Portrait","1080x1920","1920x1080") | N7: =IF(C7="Portrait","1920x1080","1080x1920") | O7: =IF(B7="","",TEXT(32+E7,"000")&".mp4") | P7: =IF(B7="","",TEXT(F7,"000")&".mp4") | R7: =IF(G7="","",IF(G7="Emotions","CAT_EMOTIONS",IF(G7="Realiste","CAT_REALISTE",IF(G7="Matiere","CAT_MATIERE",IF(G7="Conteur","CAT_CONTEUR","CAT_EMOTIONS"))))) | S7: =IF(H7="","",IF(H7="Emotions","CAT_EMOTIONS",IF(H7="Realiste","CAT_REALISTE",IF(H7="Matiere","CAT_MATIERE",IF(H7="Conteur","CAT_CONTEUR","CAT_EMOTIONS"))))) | T7: =IF(I7="","",IF(I7="Emotions","CAT_EMOTIONS",IF(I7="Realiste","CAT_REALISTE",IF(I7="Matiere","CAT_MATIERE",IF(I7="Conteur","CAT_CONTEUR","CAT_EMOTIONS"))))) | U7: =IF(J7="","",IF(J7="Emotions","CAT_EMOTIONS",IF(J7="Realiste","CAT_REALISTE",IF(J7="Matiere","CAT_MATIERE",IF(J7="Conteur","CAT_CONTEUR","CAT_EMOTIONS"))))) | V7: =IF(B7="",""," { "&E7&", { "&R7&", "&S7&", "&T7&", "&U7&" }, "&C7&" },")
A8: =IF(B8="","",ROW()-3) | B8: Van Gogh - Starry Night | C8: Landscape | D8: =IF(C8="Portrait","Landscape","Portrait") | E8: =IF(B8="","",A8) | F8: =E8+0 | G8: Emotions | H8: Realiste | I8: Matiere | J8: Conteur | K8: =IF(C8="Portrait","WIZ1","WIZ2") | L8: =IF(C8="Portrait","WIZ2","WIZ1") | M8: =IF(C8="Portrait","1080x1920","1920x1080") | N8: =IF(C8="Portrait","1920x1080","1080x1920") | O8: =IF(B8="","",TEXT(32+E8,"000")&".mp4") | P8: =IF(B8="","",TEXT(F8,"000")&".mp4") | R8: =IF(G8="","",IF(G8="Emotions","CAT_EMOTIONS",IF(G8="Realiste","CAT_REALISTE",IF(G8="Matiere","CAT_MATIERE",IF(G8="Conteur","CAT_CONTEUR","CAT_EMOTIONS"))))) | S8: =IF(H8="","",IF(H8="Emotions","CAT_EMOTIONS",IF(H8="Realiste","CAT_REALISTE",IF(H8="Matiere","CAT_MATIERE",IF(H8="Conteur","CAT_CONTEUR","CAT_EMOTIONS"))))) | T8: =IF(I8="","",IF(I8="Emotions","CAT_EMOTIONS",IF(I8="Realiste","CAT_REALISTE",IF(I8="Matiere","CAT_MATIERE",IF(I8="Conteur","CAT_CONTEUR","CAT_EMOTIONS"))))) | U8: =IF(J8="","",IF(J8="Emotions","CAT_EMOTIONS",IF(J8="Realiste","CAT_REALISTE",IF(J8="Matiere","CAT_MATIERE",IF(J8="Conteur","CAT_CONTEUR","CAT_EMOTIONS"))))) | V8: =IF(B8="",""," { "&E8&", { "&R8&", "&S8&", "&T8&", "&U8&" }, "&C8&" },")
A9: =IF(B9="","",ROW()-3) | B9: Hopper - Nighthawks (Q6A) | C9: Landscape | D9: =IF(C9="Portrait","Landscape","Portrait") | E9: =IF(B9="","",A9) | F9: =E9+0 | G9: Emotions | H9: Conteur | I9: Matiere | J9: Realiste | K9: =IF(C9="Portrait","WIZ1","WIZ2") | L9: =IF(C9="Portrait","WIZ2","WIZ1") | M9: =IF(C9="Portrait","1080x1920","1920x1080") | N9: =IF(C9="Portrait","1920x1080","1080x1920") | O9: =IF(B9="","",TEXT(32+E9,"000")&".mp4") | P9: =IF(B9="","",TEXT(F9,"000")&".mp4") | R9: =IF(G9="","",IF(G9="Emotions","CAT_EMOTIONS",IF(G9="Realiste","CAT_REALISTE",IF(G9="Matiere","CAT_MATIERE",IF(G9="Conteur","CAT_CONTEUR","CAT_EMOTIONS"))))) | S9: =IF(H9="","",IF(H9="Emotions","CAT_EMOTIONS",IF(H9="Realiste","CAT_REALISTE",IF(H9="Matiere","CAT_MATIERE",IF(H9="Conteur","CAT_CONTEUR","CAT_EMOTIONS"))))) | T9: =IF(I9="","",IF(I9="Emotions","CAT_EMOTIONS",IF(I9="Realiste","CAT_REALISTE",IF(I9="Matiere","CAT_MATIERE",IF(I9="Conteur","CAT_CONTEUR","CAT_EMOTIONS"))))) | U9: =IF(J9="","",IF(J9="Emotions","CAT_EMOTIONS",IF(J9="Realiste","CAT_REALISTE",IF(J9="Matiere","CAT_MATIERE",IF(J9="Conteur","CAT_CONTEUR","CAT_EMOTIONS"))))) | V9: =IF(B9="",""," { "&E9&", { "&R9&", "&S9&", "&T9&", "&U9&" }, "&C9&" },")
A10: =IF(B10="","",ROW()-3) | B10: Hopper - Night Windows (Q6B) | C10: Landscape | D10: =IF(C10="Portrait","Landscape","Portrait") | E10: =IF(B10="","",A10) | F10: =E10+0 | G10: Realiste | H10: Matiere | I10: Conteur | J10: Emotions | K10: =IF(C10="Portrait","WIZ1","WIZ2") | L10: =IF(C10="Portrait","WIZ2","WIZ1") | M10: =IF(C10="Portrait","1080x1920","1920x1080") | N10: =IF(C10="Portrait","1920x1080","1080x1920") | O10: =IF(B10="","",TEXT(32+E10,"000")&".mp4") | P10: =IF(B10="","",TEXT(F10,"000")&".mp4") | R10: =IF(G10="","",IF(G10="Emotions","CAT_EMOTIONS",IF(G10="Realiste","CAT_REALISTE",IF(G10="Matiere","CAT_MATIERE",IF(G10="Conteur","CAT_CONTEUR","CAT_EMOTIONS"))))) | S10: =IF(H10="","",IF(H10="Emotions","CAT_EMOTIONS",IF(H10="Realiste","CAT_REALISTE",IF(H10="Matiere","CAT_MATIERE",IF(H10="Conteur","CAT_CONTEUR","CAT_EMOTIONS"))))) | T10: =IF(I10="","",IF(I10="Emotions","CAT_EMOTIONS",IF(I10="Realiste","CAT_REALISTE",IF(I10="Matiere","CAT_MATIERE",IF(I10="Conteur","CAT_CONTEUR","CAT_EMOTIONS"))))) | U10: =IF(J10="","",IF(J10="Emotions","CAT_EMOTIONS",IF(J10="Realiste","CAT_REALISTE",IF(J10="Matiere","CAT_MATIERE",IF(J10="Conteur","CAT_CONTEUR","CAT_EMOTIONS"))))) | V10: =IF(B10="",""," { "&E10&", { "&R10&", "&S10&", "&T10&", "&U10&" }, "&C10&" },")
A11: =IF(B11="","",ROW()-3) | B11: Photo - Sudek / Brassai (Q7) | C11: Portrait | D11: =IF(C11="Portrait","Landscape","Portrait") | E11: =IF(B11="","",A11) | F11: =E11+0 | G11: Matiere | H11: Conteur | I11: Realiste | J11: Emotions | K11: =IF(C11="Portrait","WIZ1","WIZ2") | L11: =IF(C11="Portrait","WIZ2","WIZ1") | M11: =IF(C11="Portrait","1080x1920","1920x1080") | N11: =IF(C11="Portrait","1920x1080","1080x1920") | O11: =IF(B11="","",TEXT(32+E11,"000")&".mp4") | P11: =IF(B11="","",TEXT(F11,"000")&".mp4") | R11: =IF(G11="","",IF(G11="Emotions","CAT_EMOTIONS",IF(G11="Realiste","CAT_REALISTE",IF(G11="Matiere","CAT_MATIERE",IF(G11="Conteur","CAT_CONTEUR","CAT_EMOTIONS"))))) | S11: =IF(H11="","",IF(H11="Emotions","CAT_EMOTIONS",IF(H11="Realiste","CAT_REALISTE",IF(H11="Matiere","CAT_MATIERE",IF(H11="Conteur","CAT_CONTEUR","CAT_EMOTIONS"))))) | T11: =IF(I11="","",IF(I11="Emotions","CAT_EMOTIONS",IF(I11="Realiste","CAT_REALISTE",IF(I11="Matiere","CAT_MATIERE",IF(I11="Conteur","CAT_CONTEUR","CAT_EMOTIONS"))))) | U11: =IF(J11="","",IF(J11="Emotions","CAT_EMOTIONS",IF(J11="Realiste","CAT_REALISTE",IF(J11="Matiere","CAT_MATIERE",IF(J11="Conteur","CAT_CONTEUR","CAT_EMOTIONS"))))) | V11: =IF(B11="",""," { "&E11&", { "&R11&", "&S11&", "&T11&", "&U11&" }, "&C11&" },")
A12: =IF(B12="","",ROW()-3) | B12: Fuseli - The Nightmare | C12: Landscape | D12: =IF(C12="Portrait","Landscape","Portrait") | E12: =IF(B12="","",A12) | F12: =E12+0 | G12: Emotions | H12: Conteur | I12: Realiste | J12: Matiere | K12: =IF(C12="Portrait","WIZ1","WIZ2") | L12: =IF(C12="Portrait","WIZ2","WIZ1") | M12: =IF(C12="Portrait","1080x1920","1920x1080") | N12: =IF(C12="Portrait","1920x1080","1080x1920") | O12: =IF(B12="","",TEXT(32+E12,"000")&".mp4") | P12: =IF(B12="","",TEXT(F12,"000")&".mp4") | R12: =IF(G12="","",IF(G12="Emotions","CAT_EMOTIONS",IF(G12="Realiste","CAT_REALISTE",IF(G12="Matiere","CAT_MATIERE",IF(G12="Conteur","CAT_CONTEUR","CAT_EMOTIONS"))))) | S12: =IF(H12="","",IF(H12="Emotions","CAT_EMOTIONS",IF(H12="Realiste","CAT_REALISTE",IF(H12="Matiere","CAT_MATIERE",IF(H12="Conteur","CAT_CONTEUR","CAT_EMOTIONS"))))) | T12: =IF(I12="","",IF(I12="Emotions","CAT_EMOTIONS",IF(I12="Realiste","CAT_REALISTE",IF(I12="Matiere","CAT_MATIERE",IF(I12="Conteur","CAT_CONTEUR","CAT_EMOTIONS"))))) | U12: =IF(J12="","",IF(J12="Emotions","CAT_EMOTIONS",IF(J12="Realiste","CAT_REALISTE",IF(J12="Matiere","CAT_MATIERE",IF(J12="Conteur","CAT_CONTEUR","CAT_EMOTIONS"))))) | V12: =IF(B12="",""," { "&E12&", { "&R12&", "&S12&", "&T12&", "&U12&" }, "&C12&" },")
A13: =IF(B13="","",ROW()-3) | B13: Soulages - Outrenoir | C13: Landscape | D13: =IF(C13="Portrait","Landscape","Portrait") | E13: =IF(B13="","",A13) | F13: =E13+0 | G13: Matiere | H13: Conteur | I13: Realiste | J13: Emotions | K13: =IF(C13="Portrait","WIZ1","WIZ2") | L13: =IF(C13="Portrait","WIZ2","WIZ1") | M13: =IF(C13="Portrait","1080x1920","1920x1080") | N13: =IF(C13="Portrait","1920x1080","1080x1920") | O13: =IF(B13="","",TEXT(32+E13,"000")&".mp4") | P13: =IF(B13="","",TEXT(F13,"000")&".mp4") | R13: =IF(G13="","",IF(G13="Emotions","CAT_EMOTIONS",IF(G13="Realiste","CAT_REALISTE",IF(G13="Matiere","CAT_MATIERE",IF(G13="Conteur","CAT_CONTEUR","CAT_EMOTIONS"))))) | S13: =IF(H13="","",IF(H13="Emotions","CAT_EMOTIONS",IF(H13="Realiste","CAT_REALISTE",IF(H13="Matiere","CAT_MATIERE",IF(H13="Conteur","CAT_CONTEUR","CAT_EMOTIONS"))))) | T13: =IF(I13="","",IF(I13="Emotions","CAT_EMOTIONS",IF(I13="Realiste","CAT_REALISTE",IF(I13="Matiere","CAT_MATIERE",IF(I13="Conteur","CAT_CONTEUR","CAT_EMOTIONS"))))) | U13: =IF(J13="","",IF(J13="Emotions","CAT_EMOTIONS",IF(J13="Realiste","CAT_REALISTE",IF(J13="Matiere","CAT_MATIERE",IF(J13="Conteur","CAT_CONTEUR","CAT_EMOTIONS"))))) | V13: =IF(B13="",""," { "&E13&", { "&R13&", "&S13&", "&T13&", "&U13&" }, "&C13&" },")
A14: =IF(B14="","",ROW()-3) | B14: Vallotton - The Bibliophile | C14: Portrait | D14: =IF(C14="Portrait","Landscape","Portrait") | E14: =IF(B14="","",A14) | F14: =E14+0 | G14: Emotions | H14: Conteur | I14: Realiste | J14: Matiere | K14: =IF(C14="Portrait","WIZ1","WIZ2") | L14: =IF(C14="Portrait","WIZ2","WIZ1") | M14: =IF(C14="Portrait","1080x1920","1920x1080") | N14: =IF(C14="Portrait","1920x1080","1080x1920") | O14: =IF(B14="","",TEXT(32+E14,"000")&".mp4") | P14: =IF(B14="","",TEXT(F14,"000")&".mp4") | R14: =IF(G14="","",IF(G14="Emotions","CAT_EMOTIONS",IF(G14="Realiste","CAT_REALISTE",IF(G14="Matiere","CAT_MATIERE",IF(G14="Conteur","CAT_CONTEUR","CAT_EMOTIONS"))))) | S14: =IF(H14="","",IF(H14="Emotions","CAT_EMOTIONS",IF(H14="Realiste","CAT_REALISTE",IF(H14="Matiere","CAT_MATIERE",IF(H14="Conteur","CAT_CONTEUR","CAT_EMOTIONS"))))) | T14: =IF(I14="","",IF(I14="Emotions","CAT_EMOTIONS",IF(I14="Realiste","CAT_REALISTE",IF(I14="Matiere","CAT_MATIERE",IF(I14="Conteur","CAT_CONTEUR","CAT_EMOTIONS"))))) | U14: =IF(J14="","",IF(J14="Emotions","CAT_EMOTIONS",IF(J14="Realiste","CAT_REALISTE",IF(J14="Matiere","CAT_MATIERE",IF(J14="Conteur","CAT_CONTEUR","CAT_EMOTIONS"))))) | V14: =IF(B14="",""," { "&E14&", { "&R14&", "&S14&", "&T14&", "&U14&" }, "&C14&" },")
A15: =IF(B15="","",ROW()-3) | B15: Grandville - Cast Shadows | C15: Landscape | D15: =IF(C15="Portrait","Landscape","Portrait") | E15: =IF(B15="","",A15) | F15: =E15+0 | G15: Realiste | H15: Emotions | I15: Matiere | J15: Conteur | K15: =IF(C15="Portrait","WIZ1","WIZ2") | L15: =IF(C15="Portrait","WIZ2","WIZ1") | M15: =IF(C15="Portrait","1080x1920","1920x1080") | N15: =IF(C15="Portrait","1920x1080","1080x1920") | O15: =IF(B15="","",TEXT(32+E15,"000")&".mp4") | P15: =IF(B15="","",TEXT(F15,"000")&".mp4") | R15: =IF(G15="","",IF(G15="Emotions","CAT_EMOTIONS",IF(G15="Realiste","CAT_REALISTE",IF(G15="Matiere","CAT_MATIERE",IF(G15="Conteur","CAT_CONTEUR","CAT_EMOTIONS"))))) | S15: =IF(H15="","",IF(H15="Emotions","CAT_EMOTIONS",IF(H15="Realiste","CAT_REALISTE",IF(H15="Matiere","CAT_MATIERE",IF(H15="Conteur","CAT_CONTEUR","CAT_EMOTIONS"))))) | T15: =IF(I15="","",IF(I15="Emotions","CAT_EMOTIONS",IF(I15="Realiste","CAT_REALISTE",IF(I15="Matiere","CAT_MATIERE",IF(I15="Conteur","CAT_CONTEUR","CAT_EMOTIONS"))))) | U15: =IF(J15="","",IF(J15="Emotions","CAT_EMOTIONS",IF(J15="Realiste","CAT_REALISTE",IF(J15="Matiere","CAT_MATIERE",IF(J15="Conteur","CAT_CONTEUR","CAT_EMOTIONS"))))) | V15: =IF(B15="",""," { "&E15&", { "&R15&", "&S15&", "&T15&", "&U15&" }, "&C15&" },")
A16: =IF(B16="","",ROW()-3) | B16: Your work - final 4 motifs Q12 | C16: Portrait | D16: =IF(C16="Portrait","Landscape","Portrait") | E16: =IF(B16="","",A16) | F16: =E16+0 | G16: Emotions | H16: Conteur | I16: Realiste | J16: Matiere | K16: =IF(C16="Portrait","WIZ1","WIZ2") | L16: =IF(C16="Portrait","WIZ2","WIZ1") | M16: =IF(C16="Portrait","1080x1920","1920x1080") | N16: =IF(C16="Portrait","1920x1080","1080x1920") | O16: =IF(B16="","",TEXT(32+E16,"000")&".mp4") | P16: =IF(B16="","",TEXT(F16,"000")&".mp4") | R16: =IF(G16="","",IF(G16="Emotions","CAT_EMOTIONS",IF(G16="Realiste","CAT_REALISTE",IF(G16="Matiere","CAT_MATIERE",IF(G16="Conteur","CAT_CONTEUR","CAT_EMOTIONS"))))) | S16: =IF(H16="","",IF(H16="Emotions","CAT_EMOTIONS",IF(H16="Realiste","CAT_REALISTE",IF(H16="Matiere","CAT_MATIERE",IF(H16="Conteur","CAT_CONTEUR","CAT_EMOTIONS"))))) | T16: =IF(I16="","",IF(I16="Emotions","CAT_EMOTIONS",IF(I16="Realiste","CAT_REALISTE",IF(I16="Matiere","CAT_MATIERE",IF(I16="Conteur","CAT_CONTEUR","CAT_EMOTIONS"))))) | U16: =IF(J16="","",IF(J16="Emotions","CAT_EMOTIONS",IF(J16="Realiste","CAT_REALISTE",IF(J16="Matiere","CAT_MATIERE",IF(J16="Conteur","CAT_CONTEUR","CAT_EMOTIONS"))))) | V16: =IF(B16="",""," { "&E16&", { "&R16&", "&S16&", "&T16&", "&U16&" }, "&C16&" },")
A17: =IF(B17="","",ROW()-3) | C17: Portrait | D17: =IF(C17="Portrait","Landscape","Portrait") | E17: =IF(B17="","",A17) | F17: =E17+0 | K17: =IF(C17="Portrait","WIZ1","WIZ2") | L17: =IF(C17="Portrait","WIZ2","WIZ1") | M17: =IF(C17="Portrait","1080x1920","1920x1080") | N17: =IF(C17="Portrait","1920x1080","1080x1920") | O17: =IF(B17="","",TEXT(32+E17,"000")&".mp4") | P17: =IF(B17="","",TEXT(F17,"000")&".mp4") | R17: =IF(G17="","",IF(G17="Emotions","CAT_EMOTIONS",IF(G17="Realiste","CAT_REALISTE",IF(G17="Matiere","CAT_MATIERE",IF(G17="Conteur","CAT_CONTEUR","CAT_EMOTIONS"))))) | S17: =IF(H17="","",IF(H17="Emotions","CAT_EMOTIONS",IF(H17="Realiste","CAT_REALISTE",IF(H17="Matiere","CAT_MATIERE",IF(H17="Conteur","CAT_CONTEUR","CAT_EMOTIONS"))))) | T17: =IF(I17="","",IF(I17="Emotions","CAT_EMOTIONS",IF(I17="Realiste","CAT_REALISTE",IF(I17="Matiere","CAT_MATIERE",IF(I17="Conteur","CAT_CONTEUR","CAT_EMOTIONS"))))) | U17: =IF(J17="","",IF(J17="Emotions","CAT_EMOTIONS",IF(J17="Realiste","CAT_REALISTE",IF(J17="Matiere","CAT_MATIERE",IF(J17="Conteur","CAT_CONTEUR","CAT_EMOTIONS"))))) | V17: =IF(B17="",""," { "&E17&", { "&R17&", "&S17&", "&T17&", "&U17&" }, "&C17&" },")
A18: =IF(B18="","",ROW()-3) | C18: Portrait | D18: =IF(C18="Portrait","Landscape","Portrait") | E18: =IF(B18="","",A18) | F18: =E18+0 | K18: =IF(C18="Portrait","WIZ1","WIZ2") | L18: =IF(C18="Portrait","WIZ2","WIZ1") | M18: =IF(C18="Portrait","1080x1920","1920x1080") | N18: =IF(C18="Portrait","1920x1080","1080x1920") | O18: =IF(B18="","",TEXT(32+E18,"000")&".mp4") | P18: =IF(B18="","",TEXT(F18,"000")&".mp4") | R18: =IF(G18="","",IF(G18="Emotions","CAT_EMOTIONS",IF(G18="Realiste","CAT_REALISTE",IF(G18="Matiere","CAT_MATIERE",IF(G18="Conteur","CAT_CONTEUR","CAT_EMOTIONS"))))) | S18: =IF(H18="","",IF(H18="Emotions","CAT_EMOTIONS",IF(H18="Realiste","CAT_REALISTE",IF(H18="Matiere","CAT_MATIERE",IF(H18="Conteur","CAT_CONTEUR","CAT_EMOTIONS"))))) | T18: =IF(I18="","",IF(I18="Emotions","CAT_EMOTIONS",IF(I18="Realiste","CAT_REALISTE",IF(I18="Matiere","CAT_MATIERE",IF(I18="Conteur","CAT_CONTEUR","CAT_EMOTIONS"))))) | U18: =IF(J18="","",IF(J18="Emotions","CAT_EMOTIONS",IF(J18="Realiste","CAT_REALISTE",IF(J18="Matiere","CAT_MATIERE",IF(J18="Conteur","CAT_CONTEUR","CAT_EMOTIONS"))))) | V18: =IF(B18="",""," { "&E18&", { "&R18&", "&S18&", "&T18&", "&U18&" }, "&C18&" },")
A19: =IF(B19="","",ROW()-3) | C19: Portrait | D19: =IF(C19="Portrait","Landscape","Portrait") | E19: =IF(B19="","",A19) | F19: =E19+0 | K19: =IF(C19="Portrait","WIZ1","WIZ2") | L19: =IF(C19="Portrait","WIZ2","WIZ1") | M19: =IF(C19="Portrait","1080x1920","1920x1080") | N19: =IF(C19="Portrait","1920x1080","1080x1920") | O19: =IF(B19="","",TEXT(32+E19,"000")&".mp4") | P19: =IF(B19="","",TEXT(F19,"000")&".mp4") | R19: =IF(G19="","",IF(G19="Emotions","CAT_EMOTIONS",IF(G19="Realiste","CAT_REALISTE",IF(G19="Matiere","CAT_MATIERE",IF(G19="Conteur","CAT_CONTEUR","CAT_EMOTIONS"))))) | S19: =IF(H19="","",IF(H19="Emotions","CAT_EMOTIONS",IF(H19="Realiste","CAT_REALISTE",IF(H19="Matiere","CAT_MATIERE",IF(H19="Conteur","CAT_CONTEUR","CAT_EMOTIONS"))))) | T19: =IF(I19="","",IF(I19="Emotions","CAT_EMOTIONS",IF(I19="Realiste","CAT_REALISTE",IF(I19="Matiere","CAT_MATIERE",IF(I19="Conteur","CAT_CONTEUR","CAT_EMOTIONS"))))) | U19: =IF(J19="","",IF(J19="Emotions","CAT_EMOTIONS",IF(J19="Realiste","CAT_REALISTE",IF(J19="Matiere","CAT_MATIERE",IF(J19="Conteur","CAT_CONTEUR","CAT_EMOTIONS"))))) | V19: =IF(B19="",""," { "&E19&", { "&R19&", "&S19&", "&T19&", "&U19&" }, "&C19&" },")
A20: =IF(B20="","",ROW()-3) | C20: Portrait | D20: =IF(C20="Portrait","Landscape","Portrait") | E20: =IF(B20="","",A20) | F20: =E20+0 | K20: =IF(C20="Portrait","WIZ1","WIZ2") | L20: =IF(C20="Portrait","WIZ2","WIZ1") | M20: =IF(C20="Portrait","1080x1920","1920x1080") | N20: =IF(C20="Portrait","1920x1080","1080x1920") | O20: =IF(B20="","",TEXT(32+E20,"000")&".mp4") | P20: =IF(B20="","",TEXT(F20,"000")&".mp4") | R20: =IF(G20="","",IF(G20="Emotions","CAT_EMOTIONS",IF(G20="Realiste","CAT_REALISTE",IF(G20="Matiere","CAT_MATIERE",IF(G20="Conteur","CAT_CONTEUR","CAT_EMOTIONS"))))) | S20: =IF(H20="","",IF(H20="Emotions","CAT_EMOTIONS",IF(H20="Realiste","CAT_REALISTE",IF(H20="Matiere","CAT_MATIERE",IF(H20="Conteur","CAT_CONTEUR","CAT_EMOTIONS"))))) | T20: =IF(I20="","",IF(I20="Emotions","CAT_EMOTIONS",IF(I20="Realiste","CAT_REALISTE",IF(I20="Matiere","CAT_MATIERE",IF(I20="Conteur","CAT_CONTEUR","CAT_EMOTIONS"))))) | U20: =IF(J20="","",IF(J20="Emotions","CAT_EMOTIONS",IF(J20="Realiste","CAT_REALISTE",IF(J20="Matiere","CAT_MATIERE",IF(J20="Conteur","CAT_CONTEUR","CAT_EMOTIONS"))))) | V20: =IF(B20="",""," { "&E20&", { "&R20&", "&S20&", "&T20&", "&U20&" }, "&C20&" },")
A21: =IF(B21="","",ROW()-3) | C21: Portrait | D21: =IF(C21="Portrait","Landscape","Portrait") | E21: =IF(B21="","",A21) | F21: =E21+0 | K21: =IF(C21="Portrait","WIZ1","WIZ2") | L21: =IF(C21="Portrait","WIZ2","WIZ1") | M21: =IF(C21="Portrait","1080x1920","1920x1080") | N21: =IF(C21="Portrait","1920x1080","1080x1920") | O21: =IF(B21="","",TEXT(32+E21,"000")&".mp4") | P21: =IF(B21="","",TEXT(F21,"000")&".mp4") | R21: =IF(G21="","",IF(G21="Emotions","CAT_EMOTIONS",IF(G21="Realiste","CAT_REALISTE",IF(G21="Matiere","CAT_MATIERE",IF(G21="Conteur","CAT_CONTEUR","CAT_EMOTIONS"))))) | S21: =IF(H21="","",IF(H21="Emotions","CAT_EMOTIONS",IF(H21="Realiste","CAT_REALISTE",IF(H21="Matiere","CAT_MATIERE",IF(H21="Conteur","CAT_CONTEUR","CAT_EMOTIONS"))))) | T21: =IF(I21="","",IF(I21="Emotions","CAT_EMOTIONS",IF(I21="Realiste","CAT_REALISTE",IF(I21="Matiere","CAT_MATIERE",IF(I21="Conteur","CAT_CONTEUR","CAT_EMOTIONS"))))) | U21: =IF(J21="","",IF(J21="Emotions","CAT_EMOTIONS",IF(J21="Realiste","CAT_REALISTE",IF(J21="Matiere","CAT_MATIERE",IF(J21="Conteur","CAT_CONTEUR","CAT_EMOTIONS"))))) | V21: =IF(B21="",""," { "&E21&", { "&R21&", "&S21&", "&T21&", "&U21&" }, "&C21&" },")
A22: =IF(B22="","",ROW()-3) | C22: Portrait | D22: =IF(C22="Portrait","Landscape","Portrait") | E22: =IF(B22="","",A22) | F22: =E22+0 | K22: =IF(C22="Portrait","WIZ1","WIZ2") | L22: =IF(C22="Portrait","WIZ2","WIZ1") | M22: =IF(C22="Portrait","1080x1920","1920x1080") | N22: =IF(C22="Portrait","1920x1080","1080x1920") | O22: =IF(B22="","",TEXT(32+E22,"000")&".mp4") | P22: =IF(B22="","",TEXT(F22,"000")&".mp4") | R22: =IF(G22="","",IF(G22="Emotions","CAT_EMOTIONS",IF(G22="Realiste","CAT_REALISTE",IF(G22="Matiere","CAT_MATIERE",IF(G22="Conteur","CAT_CONTEUR","CAT_EMOTIONS"))))) | S22: =IF(H22="","",IF(H22="Emotions","CAT_EMOTIONS",IF(H22="Realiste","CAT_REALISTE",IF(H22="Matiere","CAT_MATIERE",IF(H22="Conteur","CAT_CONTEUR","CAT_EMOTIONS"))))) | T22: =IF(I22="","",IF(I22="Emotions","CAT_EMOTIONS",IF(I22="Realiste","CAT_REALISTE",IF(I22="Matiere","CAT_MATIERE",IF(I22="Conteur","CAT_CONTEUR","CAT_EMOTIONS"))))) | U22: =IF(J22="","",IF(J22="Emotions","CAT_EMOTIONS",IF(J22="Realiste","CAT_REALISTE",IF(J22="Matiere","CAT_MATIERE",IF(J22="Conteur","CAT_CONTEUR","CAT_EMOTIONS"))))) | V22: =IF(B22="",""," { "&E22&", { "&R22&", "&S22&", "&T22&", "&U22&" }, "&C22&" },")
A23: =IF(B23="","",ROW()-3) | C23: Portrait | D23: =IF(C23="Portrait","Landscape","Portrait") | E23: =IF(B23="","",A23) | F23: =E23+0 | K23: =IF(C23="Portrait","WIZ1","WIZ2") | L23: =IF(C23="Portrait","WIZ2","WIZ1") | M23: =IF(C23="Portrait","1080x1920","1920x1080") | N23: =IF(C23="Portrait","1920x1080","1080x1920") | O23: =IF(B23="","",TEXT(32+E23,"000")&".mp4") | P23: =IF(B23="","",TEXT(F23,"000")&".mp4") | R23: =IF(G23="","",IF(G23="Emotions","CAT_EMOTIONS",IF(G23="Realiste","CAT_REALISTE",IF(G23="Matiere","CAT_MATIERE",IF(G23="Conteur","CAT_CONTEUR","CAT_EMOTIONS"))))) | S23: =IF(H23="","",IF(H23="Emotions","CAT_EMOTIONS",IF(H23="Realiste","CAT_REALISTE",IF(H23="Matiere","CAT_MATIERE",IF(H23="Conteur","CAT_CONTEUR","CAT_EMOTIONS"))))) | T23: =IF(I23="","",IF(I23="Emotions","CAT_EMOTIONS",IF(I23="Realiste","CAT_REALISTE",IF(I23="Matiere","CAT_MATIERE",IF(I23="Conteur","CAT_CONTEUR","CAT_EMOTIONS"))))) | U23: =IF(J23="","",IF(J23="Emotions","CAT_EMOTIONS",IF(J23="Realiste","CAT_REALISTE",IF(J23="Matiere","CAT_MATIERE",IF(J23="Conteur","CAT_CONTEUR","CAT_EMOTIONS"))))) | V23: =IF(B23="",""," { "&E23&", { "&R23&", "&S23&", "&T23&", "&U23&" }, "&C23&" },")
A24: =IF(B24="","",ROW()-3) | C24: Portrait | D24: =IF(C24="Portrait","Landscape","Portrait") | E24: =IF(B24="","",A24) | F24: =E24+0 | K24: =IF(C24="Portrait","WIZ1","WIZ2") | L24: =IF(C24="Portrait","WIZ2","WIZ1") | M24: =IF(C24="Portrait","1080x1920","1920x1080") | N24: =IF(C24="Portrait","1920x1080","1080x1920") | O24: =IF(B24="","",TEXT(32+E24,"000")&".mp4") | P24: =IF(B24="","",TEXT(F24,"000")&".mp4") | R24: =IF(G24="","",IF(G24="Emotions","CAT_EMOTIONS",IF(G24="Realiste","CAT_REALISTE",IF(G24="Matiere","CAT_MATIERE",IF(G24="Conteur","CAT_CONTEUR","CAT_EMOTIONS"))))) | S24: =IF(H24="","",IF(H24="Emotions","CAT_EMOTIONS",IF(H24="Realiste","CAT_REALISTE",IF(H24="Matiere","CAT_MATIERE",IF(H24="Conteur","CAT_CONTEUR","CAT_EMOTIONS"))))) | T24: =IF(I24="","",IF(I24="Emotions","CAT_EMOTIONS",IF(I24="Realiste","CAT_REALISTE",IF(I24="Matiere","CAT_MATIERE",IF(I24="Conteur","CAT_CONTEUR","CAT_EMOTIONS"))))) | U24: =IF(J24="","",IF(J24="Emotions","CAT_EMOTIONS",IF(J24="Realiste","CAT_REALISTE",IF(J24="Matiere","CAT_MATIERE",IF(J24="Conteur","CAT_CONTEUR","CAT_EMOTIONS"))))) | V24: =IF(B24="",""," { "&E24&", { "&R24&", "&S24&", "&T24&", "&U24&" }, "&C24&" },")
A25: =IF(B25="","",ROW()-3) | C25: Portrait | D25: =IF(C25="Portrait","Landscape","Portrait") | E25: =IF(B25="","",A25) | F25: =E25+0 | K25: =IF(C25="Portrait","WIZ1","WIZ2") | L25: =IF(C25="Portrait","WIZ2","WIZ1") | M25: =IF(C25="Portrait","1080x1920","1920x1080") | N25: =IF(C25="Portrait","1920x1080","1080x1920") | O25: =IF(B25="","",TEXT(32+E25,"000")&".mp4") | P25: =IF(B25="","",TEXT(F25,"000")&".mp4") | R25: =IF(G25="","",IF(G25="Emotions","CAT_EMOTIONS",IF(G25="Realiste","CAT_REALISTE",IF(G25="Matiere","CAT_MATIERE",IF(G25="Conteur","CAT_CONTEUR","CAT_EMOTIONS"))))) | S25: =IF(H25="","",IF(H25="Emotions","CAT_EMOTIONS",IF(H25="Realiste","CAT_REALISTE",IF(H25="Matiere","CAT_MATIERE",IF(H25="Conteur","CAT_CONTEUR","CAT_EMOTIONS"))))) | T25: =IF(I25="","",IF(I25="Emotions","CAT_EMOTIONS",IF(I25="Realiste","CAT_REALISTE",IF(I25="Matiere","CAT_MATIERE",IF(I25="Conteur","CAT_CONTEUR","CAT_EMOTIONS"))))) | U25: =IF(J25="","",IF(J25="Emotions","CAT_EMOTIONS",IF(J25="Realiste","CAT_REALISTE",IF(J25="Matiere","CAT_MATIERE",IF(J25="Conteur","CAT_CONTEUR","CAT_EMOTIONS"))))) | V25: =IF(B25="",""," { "&E25&", { "&R25&", "&S25&", "&T25&", "&U25&" }, "&C25&" },")
A26: =IF(B26="","",ROW()-3) | C26: Portrait | D26: =IF(C26="Portrait","Landscape","Portrait") | E26: =IF(B26="","",A26) | F26: =E26+0 | K26: =IF(C26="Portrait","WIZ1","WIZ2") | L26: =IF(C26="Portrait","WIZ2","WIZ1") | M26: =IF(C26="Portrait","1080x1920","1920x1080") | N26: =IF(C26="Portrait","1920x1080","1080x1920") | O26: =IF(B26="","",TEXT(32+E26,"000")&".mp4") | P26: =IF(B26="","",TEXT(F26,"000")&".mp4") | R26: =IF(G26="","",IF(G26="Emotions","CAT_EMOTIONS",IF(G26="Realiste","CAT_REALISTE",IF(G26="Matiere","CAT_MATIERE",IF(G26="Conteur","CAT_CONTEUR","CAT_EMOTIONS"))))) | S26: =IF(H26="","",IF(H26="Emotions","CAT_EMOTIONS",IF(H26="Realiste","CAT_REALISTE",IF(H26="Matiere","CAT_MATIERE",IF(H26="Conteur","CAT_CONTEUR","CAT_EMOTIONS"))))) | T26: =IF(I26="","",IF(I26="Emotions","CAT_EMOTIONS",IF(I26="Realiste","CAT_REALISTE",IF(I26="Matiere","CAT_MATIERE",IF(I26="Conteur","CAT_CONTEUR","CAT_EMOTIONS"))))) | U26: =IF(J26="","",IF(J26="Emotions","CAT_EMOTIONS",IF(J26="Realiste","CAT_REALISTE",IF(J26="Matiere","CAT_MATIERE",IF(J26="Conteur","CAT_CONTEUR","CAT_EMOTIONS"))))) | V26: =IF(B26="",""," { "&E26&", { "&R26&", "&S26&", "&T26&", "&U26&" }, "&C26&" },")
A27: =IF(B27="","",ROW()-3) | C27: Portrait | D27: =IF(C27="Portrait","Landscape","Portrait") | E27: =IF(B27="","",A27) | F27: =E27+0 | K27: =IF(C27="Portrait","WIZ1","WIZ2") | L27: =IF(C27="Portrait","WIZ2","WIZ1") | M27: =IF(C27="Portrait","1080x1920","1920x1080") | N27: =IF(C27="Portrait","1920x1080","1080x1920") | O27: =IF(B27="","",TEXT(32+E27,"000")&".mp4") | P27: =IF(B27="","",TEXT(F27,"000")&".mp4") | R27: =IF(G27="","",IF(G27="Emotions","CAT_EMOTIONS",IF(G27="Realiste","CAT_REALISTE",IF(G27="Matiere","CAT_MATIERE",IF(G27="Conteur","CAT_CONTEUR","CAT_EMOTIONS"))))) | S27: =IF(H27="","",IF(H27="Emotions","CAT_EMOTIONS",IF(H27="Realiste","CAT_REALISTE",IF(H27="Matiere","CAT_MATIERE",IF(H27="Conteur","CAT_CONTEUR","CAT_EMOTIONS"))))) | T27: =IF(I27="","",IF(I27="Emotions","CAT_EMOTIONS",IF(I27="Realiste","CAT_REALISTE",IF(I27="Matiere","CAT_MATIERE",IF(I27="Conteur","CAT_CONTEUR","CAT_EMOTIONS"))))) | U27: =IF(J27="","",IF(J27="Emotions","CAT_EMOTIONS",IF(J27="Realiste","CAT_REALISTE",IF(J27="Matiere","CAT_MATIERE",IF(J27="Conteur","CAT_CONTEUR","CAT_EMOTIONS"))))) | V27: =IF(B27="",""," { "&E27&", { "&R27&", "&S27&", "&T27&", "&U27&" }, "&C27&" },")

Sheet SD WIZ1
A1: SD card - WIZ1 portrait display
A2: Copy each file to this SD card using the exact name shown. Encode each row at the Aspect shown (portrait 1080x1920 or landscape 1920x1080). Text rows list all 4 languages.
A3: Role | B3: Quiz ref | C3: File index | D3: Content | E3: Aspect | F3: EN file | G3: FR file | H3: DE file | I3: IT file
A4: Idle intro text | B4: - | C4: 0 | D4: Title + intro (all languages) | E4: 1080x1920 | F4: =IF(C4="","",TEXT(32*0+C4,"000")&".mp4") | G4: =IF(C4="","",TEXT(32*1+C4,"000")&".mp4") | H4: =IF(C4="","",TEXT(32*2+C4,"000")&".mp4") | I4: =IF(C4="","",TEXT(32*3+C4,"000")&".mp4")
A5: Artwork Q1 | B5: Q1 | C5: 1 | D5: Caravaggio - Supper at Emmaus (art on portrait screen) | E5: 1080x1920 | F5: =IF(C5="","",TEXT(C5,"000")&".mp4")
A6: Question text Q2 | B6: Q2 | C6: 2 | D6: Monet - Rouen Cathedrals (question on portrait screen) | E6: 1080x1920 | F6: =IF(C6="","",TEXT(32*0+C6,"000")&".mp4") | G6: =IF(C6="","",TEXT(32*1+C6,"000")&".mp4") | H6: =IF(C6="","",TEXT(32*2+C6,"000")&".mp4") | I6: =IF(C6="","",TEXT(32*3+C6,"000")&".mp4")
A7: Question text Q3 | B7: Q3 | C7: 3 | D7: Magritte - Empire of Light (question on portrait screen) | E7: 1080x1920 | F7: =IF(C7="","",TEXT(32*0+C7,"000")&".mp4") | G7: =IF(C7="","",TEXT(32*1+C7,"000")&".mp4") | H7: =IF(C7="","",TEXT(32*2+C7,"000")&".mp4") | I7: =IF(C7="","",TEXT(32*3+C7,"000")&".mp4")
A8: Artwork Q4 | B8: Q4 | C8: 4 | D8: Delaunay / Kirchner - night landscape (art on portrait screen) | E8: 1080x1920 | F8: =IF(C8="","",TEXT(C8,"000")&".mp4")
A9: Artwork Q5 | B9: Q5 | C9: 5 | D9: Van Gogh - Starry Night (art on portrait screen) | E9: 1080x1920 | F9: =IF(C9="","",TEXT(C9,"000")&".mp4")
A10: Artwork Q6 | B10: Q6 | C10: 6 | D10: Hopper - Nighthawks (Q6A) (art on portrait screen) | E10: 1080x1920 | F10: =IF(C10="","",TEXT(C10,"000")&".mp4")
A11: Artwork Q7 | B11: Q7 | C11: 7 | D11: Hopper - Night Windows (Q6B) (art on portrait screen) | E11: 1080x1920 | F11: =IF(C11="","",TEXT(C11,"000")&".mp4")
A12: Question text Q8 | B12: Q8 | C12: 8 | D12: Photo - Sudek / Brassai (Q7) (question on portrait screen) | E12: 1080x1920 | F12: =IF(C12="","",TEXT(32*0+C12,"000")&".mp4") | G12: =IF(C12="","",TEXT(32*1+C12,"000")&".mp4") | H12: =IF(C12="","",TEXT(32*2+C12,"000")&".mp4") | I12: =IF(C12="","",TEXT(32*3+C12,"000")&".mp4")
A13: Artwork Q9 | B13: Q9 | C13: 9 | D13: Fuseli - The Nightmare (art on portrait screen) | E13: 1080x1920 | F13: =IF(C13="","",TEXT(C13,"000")&".mp4")
A14: Artwork Q10 | B14: Q10 | C14: 10 | D14: Soulages - Outrenoir (art on portrait screen) | E14: 1080x1920 | F14: =IF(C14="","",TEXT(C14,"000")&".mp4")
A15: Question text Q11 | B15: Q11 | C15: 11 | D15: Vallotton - The Bibliophile (question on portrait screen) | E15: 1080x1920 | F15: =IF(C15="","",TEXT(32*0+C15,"000")&".mp4") | G15: =IF(C15="","",TEXT(32*1+C15,"000")&".mp4") | H15: =IF(C15="","",TEXT(32*2+C15,"000")&".mp4") | I15: =IF(C15="","",TEXT(32*3+C15,"000")&".mp4")
A16: Artwork Q12 | B16: Q12 | C16: 12 | D16: Grandville - Cast Shadows (art on portrait screen) | E16: 1080x1920 | F16: =IF(C16="","",TEXT(C16,"000")&".mp4")
A17: Question text Q13 | B17: Q13 | C17: 13 | D17: Your work - final 4 motifs Q12 (question on portrait screen) | E17: 1080x1920 | F17: =IF(C17="","",TEXT(32*0+C17,"000")&".mp4") | G17: =IF(C17="","",TEXT(32*1+C17,"000")&".mp4") | H17: =IF(C17="","",TEXT(32*2+C17,"000")&".mp4") | I17: =IF(C17="","",TEXT(32*3+C17,"000")&".mp4")
A18: Profile Emotions | B18: - | C18: 17 | D18: Result text - poetic / emotions | E18: 1080x1920 | F18: =IF(C18="","",TEXT(32*0+C18,"000")&".mp4") | G18: =IF(C18="","",TEXT(32*1+C18,"000")&".mp4") | H18: =IF(C18="","",TEXT(32*2+C18,"000")&".mp4") | I18: =IF(C18="","",TEXT(32*3+C18,"000")&".mp4")
A19: Profile Realiste | B19: - | C19: 18 | D19: Result text - precision | E19: 1080x1920 | F19: =IF(C19="","",TEXT(32*0+C19,"000")&".mp4") | G19: =IF(C19="","",TEXT(32*1+C19,"000")&".mp4") | H19: =IF(C19="","",TEXT(32*2+C19,"000")&".mp4") | I19: =IF(C19="","",TEXT(32*3+C19,"000")&".mp4")
A20: Profile Matiere | B20: - | C20: 19 | D20: Result text - matter | E20: 1080x1920 | F20: =IF(C20="","",TEXT(32*0+C20,"000")&".mp4") | G20: =IF(C20="","",TEXT(32*1+C20,"000")&".mp4") | H20: =IF(C20="","",TEXT(32*2+C20,"000")&".mp4") | I20: =IF(C20="","",TEXT(32*3+C20,"000")&".mp4")
A21: Profile Conteur | B21: - | C21: 20 | D21: Result text - storyteller | E21: 1080x1920 | F21: =IF(C21="","",TEXT(32*0+C21,"000")&".mp4") | G21: =IF(C21="","",TEXT(32*1+C21,"000")&".mp4") | H21: =IF(C21="","",TEXT(32*2+C21,"000")&".mp4") | I21: =IF(C21="","",TEXT(32*3+C21,"000")&".mp4")

Sheet SD WIZ2
A1: SD card - WIZ2 landscape display
A2: Copy each file to this SD card using the exact name shown. Encode each row at the Aspect shown (portrait 1080x1920 or landscape 1920x1080). Text rows list all 4 languages.
A3: Role | B3: Quiz ref | C3: File index | D3: Content | E3: Aspect | F3: EN file | G3: FR file | H3: DE file | I3: IT file
A4: Idle artwork | B4: - | C4: 0 | D4: Intro visual landscape (all languages) | E4: 1920x1080 | F4: =IF(C4="","",TEXT(C4,"000")&".mp4")
A5: Question text Q1 | B5: Q1 | C5: 1 | D5: Caravaggio - Supper at Emmaus (question on landscape screen) | E5: 1920x1080 | F5: =IF(C5="","",TEXT(32*0+C5,"000")&".mp4") | G5: =IF(C5="","",TEXT(32*1+C5,"000")&".mp4") | H5: =IF(C5="","",TEXT(32*2+C5,"000")&".mp4") | I5: =IF(C5="","",TEXT(32*3+C5,"000")&".mp4")
A6: Artwork Q2 | B6: Q2 | C6: 2 | D6: Monet - Rouen Cathedrals (art on landscape screen) | E6: 1920x1080 | F6: =IF(C6="","",TEXT(C6,"000")&".mp4")
A7: Artwork Q3 | B7: Q3 | C7: 3 | D7: Magritte - Empire of Light (art on landscape screen) | E7: 1920x1080 | F7: =IF(C7="","",TEXT(C7,"000")&".mp4")
A8: Question text Q4 | B8: Q4 | C8: 4 | D8: Delaunay / Kirchner - night landscape (question on landscape screen) | E8: 1920x1080 | F8: =IF(C8="","",TEXT(32*0+C8,"000")&".mp4") | G8: =IF(C8="","",TEXT(32*1+C8,"000")&".mp4") | H8: =IF(C8="","",TEXT(32*2+C8,"000")&".mp4") | I8: =IF(C8="","",TEXT(32*3+C8,"000")&".mp4")
A9: Question text Q5 | B9: Q5 | C9: 5 | D9: Van Gogh - Starry Night (question on landscape screen) | E9: 1920x1080 | F9: =IF(C9="","",TEXT(32*0+C9,"000")&".mp4") | G9: =IF(C9="","",TEXT(32*1+C9,"000")&".mp4") | H9: =IF(C9="","",TEXT(32*2+C9,"000")&".mp4") | I9: =IF(C9="","",TEXT(32*3+C9,"000")&".mp4")
A10: Question text Q6 | B10: Q6 | C10: 6 | D10: Hopper - Nighthawks (Q6A) (question on landscape screen) | E10: 1920x1080 | F10: =IF(C10="","",TEXT(32*0+C10,"000")&".mp4") | G10: =IF(C10="","",TEXT(32*1+C10,"000")&".mp4") | H10: =IF(C10="","",TEXT(32*2+C10,"000")&".mp4") | I10: =IF(C10="","",TEXT(32*3+C10,"000")&".mp4")
A11: Question text Q7 | B11: Q7 | C11: 7 | D11: Hopper - Night Windows (Q6B) (question on landscape screen) | E11: 1920x1080 | F11: =IF(C11="","",TEXT(32*0+C11,"000")&".mp4") | G11: =IF(C11="","",TEXT(32*1+C11,"000")&".mp4") | H11: =IF(C11="","",TEXT(32*2+C11,"000")&".mp4") | I11: =IF(C11="","",TEXT(32*3+C11,"000")&".mp4")
A12: Artwork Q8 | B12: Q8 | C12: 8 | D12: Photo - Sudek / Brassai (Q7) (art on landscape screen) | E12: 1920x1080 | F12: =IF(C12="","",TEXT(C12,"000")&".mp4")
A13: Question text Q9 | B13: Q9 | C13: 9 | D13: Fuseli - The Nightmare (question on landscape screen) | E13: 1920x1080 | F13: =IF(C13="","",TEXT(32*0+C13,"000")&".mp4") | G13: =IF(C13="","",TEXT(32*1+C13,"000")&".mp4") | H13: =IF(C13="","",TEXT(32*2+C13,"000")&".mp4") | I13: =IF(C13="","",TEXT(32*3+C13,"000")&".mp4")
A14: Question text Q10 | B14: Q10 | C14: 10 | D14: Soulages - Outrenoir (question on landscape screen) | E14: 1920x1080 | F14: =IF(C14="","",TEXT(32*0+C14,"000")&".mp4") | G14: =IF(C14="","",TEXT(32*1+C14,"000")&".mp4") | H14: =IF(C14="","",TEXT(32*2+C14,"000")&".mp4") | I14: =IF(C14="","",TEXT(32*3+C14,"000")&".mp4")
A15: Artwork Q11 | B15: Q11 | C15: 11 | D15: Vallotton - The Bibliophile (art on landscape screen) | E15: 1920x1080 | F15: =IF(C15="","",TEXT(C15,"000")&".mp4")
A16: Question text Q12 | B16: Q12 | C16: 12 | D16: Grandville - Cast Shadows (question on landscape screen) | E16: 1920x1080 | F16: =IF(C16="","",TEXT(32*0+C16,"000")&".mp4") | G16: =IF(C16="","",TEXT(32*1+C16,"000")&".mp4") | H16: =IF(C16="","",TEXT(32*2+C16,"000")&".mp4") | I16: =IF(C16="","",TEXT(32*3+C16,"000")&".mp4")
A17: Artwork Q13 | B17: Q13 | C17: 13 | D17: Your work - final 4 motifs Q12 (art on landscape screen) | E17: 1920x1080 | F17: =IF(C17="","",TEXT(C17,"000")&".mp4")
A18: Profile art Emotions | B18: - | C18: 17 | D18: Result visual - emotions | E18: 1920x1080 | F18: =IF(C18="","",TEXT(C18,"000")&".mp4")
A19: Profile art Realiste | B19: - | C19: 18 | D19: Result visual - precision | E19: 1920x1080 | F19: =IF(C19="","",TEXT(C19,"000")&".mp4")
A20: Profile art Matiere | B20: - | C20: 19 | D20: Result visual - matter | E20: 1920x1080 | F20: =IF(C20="","",TEXT(C20,"000")&".mp4")
A21: Profile art Conteur | B21: - | C21: 20 | D21: Result visual - storyteller | E21: 1920x1080 | F21: =IF(C21="","",TEXT(C21,"000")&".mp4")

Sheet CodeGen
A1: QuestionnaireConfig.h generator
A2: Copy column A (values shown) from BEGIN through END into QuestionnaireConfig.h. Includes NUM_QUESTIONS and QUESTIONS[]. Skip empty lines in the array. Row count = filled Artwork cells on Questions sheet.
A4: // --- BEGIN_QUESTIONNAIRE_CONFIG ---
A5: ="static const uint8_t NUM_QUESTIONS = "&COUNTA(Questions!$B$4:$B$27)&";"
A6: ="static const QuestionEntry QUESTIONS[NUM_QUESTIONS] = {"
A7: ='Questions'!$V4
A8: ='Questions'!$V5
A9: ='Questions'!$V6
A10: ='Questions'!$V7
A11: ='Questions'!$V8
A12: ='Questions'!$V9
A13: ='Questions'!$V10
A14: ='Questions'!$V11
A15: ='Questions'!$V12
A16: ='Questions'!$V13
A17: ='Questions'!$V14
A18: ='Questions'!$V15
... A30: ='Questions'!$V27
A31: ="};"
A32: // --- END_QUESTIONNAIRE_CONFIG ---
A33: NUM_QUESTIONS = count of rows with Artwork on Questions sheet. SD indices: text and artwork share the same step number on each card (0 = idle). Text filenames use language blocks on the text player only.
